run_id,pair_id,condition,phase,backend,synthetic,iteration,side,operation,mean_ms,p95_ms,successful,failed,timed_out
6c413964516c4dbd8223fa9172047701,0,memory,final,chat,False,0,baseline,add,0.799382086008336,0.9803749999264255,500,0,0
6c413964516c4dbd8223fa9172047701,0,memory,final,chat,False,0,baseline,delete,0.5767140259849839,0.8013329997993424,500,0,0
6c413964516c4dbd8223fa9172047701,0,memory,final,chat,False,0,baseline,get,0.6395461426573092,0.7883330004005984,1500,0,0
6c413964516c4dbd8223fa9172047701,0,memory,final,chat,False,0,baseline,list_search,7.109871865333389,8.09533299980103,3000,0,0
6c413964516c4dbd8223fa9172047701,0,memory,final,chat,False,0,baseline,update,0.7976177479922626,1.0562500001469743,500,0,0
6c413964516c4dbd8223fa9172047701,0,memory,final,chat,False,1,parent,add,0.8706418200044936,1.105082999856677,500,0,0
6c413964516c4dbd8223fa9172047701,0,memory,final,chat,False,1,parent,delete,0.6526340939935835,0.9252919999198639,500,0,0
6c413964516c4dbd8223fa9172047701,0,memory,final,chat,False,1,parent,get,0.6925666940023802,0.9047920002558385,1500,0,0
6c413964516c4dbd8223fa9172047701,0,memory,final,chat,False,1,parent,list_search,7.327378935329004,9.048041999903944,3000,0,0
6c413964516c4dbd8223fa9172047701,0,memory,final,chat,False,1,parent,update,0.8932279200016637,1.2449169998944853,500,0,0
6c413964516c4dbd8223fa9172047701,0,memory,final,chat,False,1,candidate,add,0.7715344040061609,0.9440829999221023,500,0,0
6c413964516c4dbd8223fa9172047701,0,memory,final,chat,False,1,candidate,delete,0.572739097988233,0.7569580002382281,500,0,0
6c413964516c4dbd8223fa9172047701,0,memory,final,chat,False,1,candidate,get,0.6545730533416645,0.7788750003783207,1500,0,0
6c413964516c4dbd8223fa9172047701,0,memory,final,chat,False,1,candidate,list_search,1.6148562030031524,2.028083999903174,3000,0,0
6c413964516c4dbd8223fa9172047701,0,memory,final,chat,False,1,candidate,update,0.805668758005595,1.0496660001990676,500,0,0
6c413964516c4dbd8223fa9172047701,0,memory,final,chat,False,2,parent,add,0.7619712459918446,0.8919169999899168,500,0,0
6c413964516c4dbd8223fa9172047701,0,memory,final,chat,False,2,parent,delete,0.5671758320122535,0.7202500000857981,500,0,0
6c413964516c4dbd8223fa9172047701,0,memory,final,chat,False,2,parent,get,0.6425500760002857,0.7656249999854481,1500,0,0
6c413964516c4dbd8223fa9172047701,0,memory,final,chat,False,2,parent,list_search,1.6010778183297891,2.015166999626672,3000,0,0
6c413964516c4dbd8223fa9172047701,0,memory,final,chat,False,2,parent,update,0.7842299900048602,0.9749169998940488,500,0,0
6c413964516c4dbd8223fa9172047701,0,memory,final,chat,False,2,candidate,add,0.7632807019990651,0.8979590002127225,500,0,0
6c413964516c4dbd8223fa9172047701,0,memory,final,chat,False,2,candidate,delete,0.557489098006954,0.7320419999814476,500,0,0
6c413964516c4dbd8223fa9172047701,0,memory,final,chat,False,2,candidate,get,0.6401297339959152,0.7630000000062864,1500,0,0
6c413964516c4dbd8223fa9172047701,0,memory,final,chat,False,2,candidate,list_search,1.5873650719977377,1.978750000034779,3000,0,0
6c413964516c4dbd8223fa9172047701,0,memory,final,chat,False,2,candidate,update,0.8004281659978005,1.0032919999503065,500,0,0
6c413964516c4dbd8223fa9172047701,0,memory,final,chat,False,3,parent,add,0.7469516260071032,0.9039589999702002,500,0,0
6c413964516c4dbd8223fa9172047701,0,memory,final,chat,False,3,parent,delete,0.5458629759987161,0.7079169999997248,500,0,0
6c413964516c4dbd8223fa9172047701,0,memory,final,chat,False,3,parent,get,0.6339723520004554,0.773875000049884,1500,0,0
6c413964516c4dbd8223fa9172047701,0,memory,final,chat,False,3,parent,list_search,1.8998175920046378,4.148125000028813,3000,0,0
6c413964516c4dbd8223fa9172047701,0,memory,final,chat,False,3,parent,update,0.7682773419974183,1.0035830000560964,500,0,0
6c413964516c4dbd8223fa9172047701,0,memory,final,chat,False,3,candidate,add,0.8065948259982179,0.9796249996725237,500,0,0
6c413964516c4dbd8223fa9172047701,0,memory,final,chat,False,3,candidate,delete,0.5782967719978842,0.8120839997900475,500,0,0
6c413964516c4dbd8223fa9172047701,0,memory,final,chat,False,3,candidate,get,0.6421286746687352,0.7923749999463325,1500,0,0
6c413964516c4dbd8223fa9172047701,0,memory,final,chat,False,3,candidate,list_search,1.618267036663686,2.0894590002171753,3000,0,0
6c413964516c4dbd8223fa9172047701,0,memory,final,chat,False,3,candidate,update,0.8083717279978373,1.044499999807158,500,0,0
6c413964516c4dbd8223fa9172047701,0,memory,final,chat,False,4,parent,add,0.7992436500062468,1.0001249997912964,500,0,0
6c413964516c4dbd8223fa9172047701,0,memory,final,chat,False,4,parent,delete,0.603301992005072,0.871582999934617,500,0,0
6c413964516c4dbd8223fa9172047701,0,memory,final,chat,False,4,parent,get,0.6714645446618306,0.8554580003874435,1500,0,0
6c413964516c4dbd8223fa9172047701,0,memory,final,chat,False,4,parent,list_search,1.6651536306697683,2.1387500000855653,3000,0,0
6c413964516c4dbd8223fa9172047701,0,memory,final,chat,False,4,parent,update,0.8331544279999434,1.1695840003085323,500,0,0
6c413964516c4dbd8223fa9172047701,0,memory,final,chat,False,4,candidate,add,0.8204728900018381,0.976207999883627,500,0,0
6c413964516c4dbd8223fa9172047701,0,memory,final,chat,False,4,candidate,delete,0.6282299079985023,0.8589580002080766,500,0,0
6c413964516c4dbd8223fa9172047701,0,memory,final,chat,False,4,candidate,get,0.7020135746664286,0.8117500001389999,1500,0,0
6c413964516c4dbd8223fa9172047701,0,memory,final,chat,False,4,candidate,list_search,1.7122132416648128,2.0739169999615115,3000,0,0
6c413964516c4dbd8223fa9172047701,0,memory,final,chat,False,4,candidate,update,0.9294754899920008,1.1530839997249132,500,0,0
6c413964516c4dbd8223fa9172047701,0,memory,final,chat,False,5,parent,add,0.774612139995952,0.9147910000137927,500,0,0
6c413964516c4dbd8223fa9172047701,0,memory,final,chat,False,5,parent,delete,0.5791099979960563,0.7554579997304245,500,0,0
6c413964516c4dbd8223fa9172047701,0,memory,final,chat,False,5,parent,get,0.6443645373368175,0.7692499998483981,1500,0,0
6c413964516c4dbd8223fa9172047701,0,memory,final,chat,False,5,parent,list_search,1.5996735963324984,1.9890829998985282,3000,0,0
6c413964516c4dbd8223fa9172047701,0,memory,final,chat,False,5,parent,update,0.7865428999939468,1.0000409997701354,500,0,0
6c413964516c4dbd8223fa9172047701,0,memory,final,chat,False,5,candidate,add,0.7491060920019663,0.8799169995654665,500,0,0
6c413964516c4dbd8223fa9172047701,0,memory,final,chat,False,5,candidate,delete,0.5482280859860111,0.7167089997892617,500,0,0
6c413964516c4dbd8223fa9172047701,0,memory,final,chat,False,5,candidate,get,0.6342275320039334,0.7519999999203719,1500,0,0
6c413964516c4dbd8223fa9172047701,0,memory,final,chat,False,5,candidate,list_search,1.570983706665326,1.9602090001171746,3000,0,0
6c413964516c4dbd8223fa9172047701,0,memory,final,chat,False,5,candidate,update,0.7800820660031604,0.9757080001691065,500,0,0
6c413964516c4dbd8223fa9172047701,0,memory,final,chat,False,6,parent,add,0.8072359320049145,0.999124999907508,500,0,0
6c413964516c4dbd8223fa9172047701,0,memory,final,chat,False,6,parent,delete,0.5990938159848156,0.8729589999347809,500,0,0
6c413964516c4dbd8223fa9172047701,0,memory,final,chat,False,6,parent,get,0.7165914960172207,0.8777500001997396,1500,0,0
6c413964516c4dbd8223fa9172047701,0,memory,final,chat,False,6,parent,list_search,1.7084335343311068,2.1099170003253676,3000,0,0
6c413964516c4dbd8223fa9172047701,0,memory,final,chat,False,6,parent,update,0.8627069320045848,1.171541000076104,500,0,0
6c413964516c4dbd8223fa9172047701,0,memory,final,chat,False,6,candidate,add,0.764577351990738,0.9063749998858839,500,0,0
6c413964516c4dbd8223fa9172047701,0,memory,final,chat,False,6,candidate,delete,0.5493117860123675,0.7404170000882004,500,0,0
6c413964516c4dbd8223fa9172047701,0,memory,final,chat,False,6,candidate,get,0.6259866426698864,0.7613329999003327,1500,0,0
6c413964516c4dbd8223fa9172047701,0,memory,final,chat,False,6,candidate,list_search,1.5772416760012977,1.9614999996520055,3000,0,0
6c413964516c4dbd8223fa9172047701,0,memory,final,chat,False,6,candidate,update,0.7731946659860114,0.9600419998605503,500,0,0
6c413964516c4dbd8223fa9172047701,0,memory,final,chat,False,7,parent,add,0.787928079989797,1.0004579999076668,500,0,0
6c413964516c4dbd8223fa9172047701,0,memory,final,chat,False,7,parent,delete,0.5971508479979093,0.8636249999653955,500,0,0
6c413964516c4dbd8223fa9172047701,0,memory,final,chat,False,7,parent,get,0.662590684669946,0.8326659999511321,1500,0,0
6c413964516c4dbd8223fa9172047701,0,memory,final,chat,False,7,parent,list_search,1.6469810816693098,2.08516700013206,3000,0,0
6c413964516c4dbd8223fa9172047701,0,memory,final,chat,False,7,parent,update,0.8150206659820469,1.04700000019875,500,0,0
6c413964516c4dbd8223fa9172047701,0,memory,final,chat,False,7,candidate,add,0.8261012799957825,1.0047920004581101,500,0,0
6c413964516c4dbd8223fa9172047701,0,memory,final,chat,False,7,candidate,delete,0.5994688239698007,0.857416999679117,500,0,0
6c413964516c4dbd8223fa9172047701,0,memory,final,chat,False,7,candidate,get,0.6635696180098117,0.8666670000820886,1500,0,0
6c413964516c4dbd8223fa9172047701,0,memory,final,chat,False,7,candidate,list_search,1.691007005001514,2.1065419996375567,3000,0,0
6c413964516c4dbd8223fa9172047701,0,memory,final,chat,False,7,candidate,update,0.8233338339950933,1.0891659994740621,500,0,0
6c413964516c4dbd8223fa9172047701,0,memory,final,chat,False,9,parent,add,0.8132059220188239,0.9513330005574971,500,0,0
6c413964516c4dbd8223fa9172047701,0,memory,final,chat,False,9,parent,delete,0.6027936400132603,0.7922919994598487,500,0,0
6c413964516c4dbd8223fa9172047701,0,memory,final,chat,False,9,parent,get,0.6752045840136512,0.7972499997777049,1500,0,0
6c413964516c4dbd8223fa9172047701,0,memory,final,chat,False,9,parent,list_search,1.6379426256680745,2.048750000540167,3000,0,0
6c413964516c4dbd8223fa9172047701,0,memory,final,chat,False,9,parent,update,0.8728076759925898,1.1039589999199961,500,0,0
6c413964516c4dbd8223fa9172047701,0,memory,final,chat,False,9,candidate,add,0.7722784020043036,0.9200419999615406,500,0,0
6c413964516c4dbd8223fa9172047701,0,memory,final,chat,False,9,candidate,delete,0.5667218499893352,0.7240830000228016,500,0,0
6c413964516c4dbd8223fa9172047701,0,memory,final,chat,False,9,candidate,get,0.6441450313189611,0.7774999994580867,1500,0,0
6c413964516c4dbd8223fa9172047701,0,memory,final,chat,False,9,candidate,list_search,1.6063195273375943,2.021166999838897,3000,0,0
6c413964516c4dbd8223fa9172047701,0,memory,final,chat,False,9,candidate,update,0.8008206059912482,1.014166999993904,500,0,0
6c413964516c4dbd8223fa9172047701,0,memory,final,chat,False,14,parent,add,0.8465551859990228,1.0696669996832497,500,0,0
6c413964516c4dbd8223fa9172047701,0,memory,final,chat,False,14,parent,delete,0.6431654960051674,0.9294999999838183,500,0,0
6c413964516c4dbd8223fa9172047701,0,memory,final,chat,False,14,parent,get,0.7179493826588441,0.8532499996363185,1500,0,0
6c413964516c4dbd8223fa9172047701,0,memory,final,chat,False,14,parent,list_search,1.696686961656572,2.1513330002562725,3000,0,0
6c413964516c4dbd8223fa9172047701,0,memory,final,chat,False,14,parent,update,0.9288692620193615,1.1081669999839505,500,0,0
6c413964516c4dbd8223fa9172047701,0,memory,final,chat,False,14,candidate,add,0.6830512619799265,0.7823330006431206,500,0,0
6c413964516c4dbd8223fa9172047701,0,memory,final,chat,False,14,candidate,delete,0.45633514401924913,0.5577499996434199,500,0,0
6c413964516c4dbd8223fa9172047701,0,memory,final,chat,False,14,candidate,get,0.5588785146537703,0.6558750001204317,1500,0,0
6c413964516c4dbd8223fa9172047701,0,memory,final,chat,False,14,candidate,list_search,1.4698886793303245,1.8249169997943682,3000,0,0
6c413964516c4dbd8223fa9172047701,0,memory,final,chat,False,14,candidate,update,0.7302898440138961,0.9103339998546289,500,0,0
6c413964516c4dbd8223fa9172047701,0,memory,final,chat,False,15,parent,add,0.6915373460087721,0.8095829998637782,500,0,0
6c413964516c4dbd8223fa9172047701,0,memory,final,chat,False,15,parent,delete,0.5198337379933946,0.6768330003978917,500,0,0
6c413964516c4dbd8223fa9172047701,0,memory,final,chat,False,15,parent,get,0.5883400213460845,0.6836660004410078,1500,0,0
6c413964516c4dbd8223fa9172047701,0,memory,final,chat,False,15,parent,list_search,1.5286910913243144,1.8864580006265896,3000,0,0
6c413964516c4dbd8223fa9172047701,0,memory,final,chat,False,15,parent,update,0.8142059000074369,0.9747499998411513,500,0,0
6c413964516c4dbd8223fa9172047701,0,memory,final,chat,False,15,candidate,add,0.664191657995616,0.7660409992240602,500,0,0
6c413964516c4dbd8223fa9172047701,0,memory,final,chat,False,15,candidate,delete,0.47544843395007774,0.600125000346452,500,0,0
6c413964516c4dbd8223fa9172047701,0,memory,final,chat,False,15,candidate,get,0.5526290500074538,0.6636250000155997,1500,0,0
6c413964516c4dbd8223fa9172047701,0,memory,final,chat,False,15,candidate,list_search,1.4802406066610274,1.854875000390166,3000,0,0
6c413964516c4dbd8223fa9172047701,0,memory,final,chat,False,15,candidate,update,0.7012845800200012,0.9631670000089798,500,0,0
6c413964516c4dbd8223fa9172047701,0,memory,final,chat,False,16,parent,add,0.6730011939980614,0.7820410000931588,500,0,0
6c413964516c4dbd8223fa9172047701,0,memory,final,chat,False,16,parent,delete,0.4682731619959668,0.6959170004847692,500,0,0
6c413964516c4dbd8223fa9172047701,0,memory,final,chat,False,16,parent,get,0.5648135573283071,0.6823339999755262,1500,0,0
6c413964516c4dbd8223fa9172047701,0,memory,final,chat,False,16,parent,list_search,1.4852618859883175,1.8840840002667392,3000,0,0
6c413964516c4dbd8223fa9172047701,0,memory,final,chat,False,16,parent,update,0.6866102760013746,0.9195419997922727,500,0,0
6c413964516c4dbd8223fa9172047701,0,memory,final,chat,False,16,candidate,add,0.7196967460131418,0.9003340001072502,500,0,0
6c413964516c4dbd8223fa9172047701,0,memory,final,chat,False,16,candidate,delete,0.5165215060005721,0.7372079999186099,500,0,0
6c413964516c4dbd8223fa9172047701,0,memory,final,chat,False,16,candidate,get,0.5747127120072643,0.751958999899216,1500,0,0
6c413964516c4dbd8223fa9172047701,0,memory,final,chat,False,16,candidate,list_search,1.5530950896709328,1.9935000000259606,3000,0,0
6c413964516c4dbd8223fa9172047701,0,memory,final,chat,False,16,candidate,update,0.7194726740071928,0.9878339997158037,500,0,0
6c413964516c4dbd8223fa9172047701,0,memory,final,chat,False,30,final_remeasurement,add,0.6326970679892838,0.7119590000002063,500,0,0
6c413964516c4dbd8223fa9172047701,0,memory,final,chat,False,30,final_remeasurement,delete,0.4442440900056681,0.5887090001124307,500,0,0
6c413964516c4dbd8223fa9172047701,0,memory,final,chat,False,30,final_remeasurement,get,0.5267516686799354,0.6061669992050156,1500,0,0
6c413964516c4dbd8223fa9172047701,0,memory,final,chat,False,30,final_remeasurement,list_search,1.4352727773330116,1.7704580004647141,3000,0,0
6c413964516c4dbd8223fa9172047701,0,memory,final,chat,False,30,final_remeasurement,update,0.6554929920184804,0.8888749998732237,500,0,0
6c413964516c4dbd8223fa9172047701,0,memory,final,chat,False,10,checkpoint,add,0.7486421720004728,0.8815000001050066,500,0,0
6c413964516c4dbd8223fa9172047701,0,memory,final,chat,False,10,checkpoint,delete,0.5486261499954708,0.7227500000226428,500,0,0
6c413964516c4dbd8223fa9172047701,0,memory,final,chat,False,10,checkpoint,get,0.6236729399891677,0.7506659994760412,1500,0,0
6c413964516c4dbd8223fa9172047701,0,memory,final,chat,False,10,checkpoint,list_search,1.5695833773334016,1.9597499995143153,3000,0,0
6c413964516c4dbd8223fa9172047701,0,memory,final,chat,False,10,checkpoint,update,0.7641494139825227,0.9712089995446149,500,0,0
6c413964516c4dbd8223fa9172047701,0,memory,final,chat,False,15,checkpoint,add,0.6624358319859311,0.767333999647235,500,0,0
6c413964516c4dbd8223fa9172047701,0,memory,final,chat,False,15,checkpoint,delete,0.46299367600295227,0.5707499994969112,500,0,0
6c413964516c4dbd8223fa9172047701,0,memory,final,chat,False,15,checkpoint,get,0.5408037646702724,0.6514169999718433,1500,0,0
6c413964516c4dbd8223fa9172047701,0,memory,final,chat,False,15,checkpoint,list_search,1.4585211493279833,1.8242500000269501,3000,0,0
6c413964516c4dbd8223fa9172047701,0,memory,final,chat,False,15,checkpoint,update,0.7015396699807752,0.9385410003233119,500,0,0
6c413964516c4dbd8223fa9172047701,0,memory,final,chat,False,20,checkpoint,add,0.6455846699900576,0.7386670004052576,500,0,0
6c413964516c4dbd8223fa9172047701,0,memory,final,chat,False,20,checkpoint,delete,0.45667148999200435,0.5763330000263522,500,0,0
6c413964516c4dbd8223fa9172047701,0,memory,final,chat,False,20,checkpoint,get,0.524680008655802,0.6155419996503042,1500,0,0
6c413964516c4dbd8223fa9172047701,0,memory,final,chat,False,20,checkpoint,list_search,1.4498974469979657,1.7897500001708977,3000,0,0
6c413964516c4dbd8223fa9172047701,0,memory,final,chat,False,20,checkpoint,update,0.665055260020381,0.8560840005884529,500,0,0
6c413964516c4dbd8223fa9172047701,0,memory,final,chat,False,25,checkpoint,add,0.6480262499935634,0.8017910004127771,500,0,0
6c413964516c4dbd8223fa9172047701,0,memory,final,chat,False,25,checkpoint,delete,0.4578353820088523,0.6463750005423208,500,0,0
6c413964516c4dbd8223fa9172047701,0,memory,final,chat,False,25,checkpoint,get,0.538401256677389,0.6747500001438311,1500,0,0
6c413964516c4dbd8223fa9172047701,0,memory,final,chat,False,25,checkpoint,list_search,1.451329796005363,1.8685000004552421,3000,0,0
6c413964516c4dbd8223fa9172047701,0,memory,final,chat,False,25,checkpoint,update,0.6951257299879217,0.9812500002226443,500,0,0
6c413964516c4dbd8223fa9172047701,0,memory,final,chat,False,30,checkpoint,add,0.6425360220200673,0.7127919998310972,500,0,0
6c413964516c4dbd8223fa9172047701,0,memory,final,chat,False,30,checkpoint,delete,0.43767166400175483,0.5724160000681877,500,0,0
6c413964516c4dbd8223fa9172047701,0,memory,final,chat,False,30,checkpoint,get,0.5222516726668497,0.5987909999021213,1500,0,0
6c413964516c4dbd8223fa9172047701,0,memory,final,chat,False,30,checkpoint,list_search,1.4203667956586894,1.7370410005241865,3000,0,0
6c413964516c4dbd8223fa9172047701,0,memory,final,chat,False,30,checkpoint,update,0.6612319799987745,0.8699580002939911,500,0,0
db5126313a4f42b1aecaaa1d33a2bd1e,0,stateless,final,chat,False,0,baseline,add,0.8492323419955028,1.117832999852908,500,0,0
db5126313a4f42b1aecaaa1d33a2bd1e,0,stateless,final,chat,False,0,baseline,delete,0.6233288100011123,1.0183750000578584,500,0,0
db5126313a4f42b1aecaaa1d33a2bd1e,0,stateless,final,chat,False,0,baseline,get,0.6912869386660532,0.9117499998865242,1500,0,0
db5126313a4f42b1aecaaa1d33a2bd1e,0,stateless,final,chat,False,0,baseline,list_search,7.251514957001821,9.252416999970592,3000,0,0
db5126313a4f42b1aecaaa1d33a2bd1e,0,stateless,final,chat,False,0,baseline,update,0.8579055240074922,1.2455829998998524,500,0,0
db5126313a4f42b1aecaaa1d33a2bd1e,0,stateless,final,chat,False,4,parent,add,0.7756040819958798,1.0099169999193691,500,0,0
db5126313a4f42b1aecaaa1d33a2bd1e,0,stateless,final,chat,False,4,parent,delete,0.5699241479996999,0.8396670000365702,500,0,0
db5126313a4f42b1aecaaa1d33a2bd1e,0,stateless,final,chat,False,4,parent,get,0.6307132413301891,0.8213329999762209,1500,0,0
db5126313a4f42b1aecaaa1d33a2bd1e,0,stateless,final,chat,False,4,parent,list_search,6.979693943667826,8.112333999861221,3000,0,0
db5126313a4f42b1aecaaa1d33a2bd1e,0,stateless,final,chat,False,4,parent,update,0.800078816000223,1.051707999977225,500,0,0
db5126313a4f42b1aecaaa1d33a2bd1e,0,stateless,final,chat,False,4,candidate,add,0.8675882519969491,1.2620410000181437,500,0,0
db5126313a4f42b1aecaaa1d33a2bd1e,0,stateless,final,chat,False,4,candidate,delete,0.6621435920037584,1.0787080000227434,500,0,0
db5126313a4f42b1aecaaa1d33a2bd1e,0,stateless,final,chat,False,4,candidate,get,0.7033835620050013,1.027208000095925,1500,0,0
db5126313a4f42b1aecaaa1d33a2bd1e,0,stateless,final,chat,False,4,candidate,list_search,5.04574296666586,6.291041999929803,3000,0,0
db5126313a4f42b1aecaaa1d33a2bd1e,0,stateless,final,chat,False,4,candidate,update,0.9406494000018029,1.3085410000712727,500,0,0
db5126313a4f42b1aecaaa1d33a2bd1e,0,stateless,final,chat,False,30,final_remeasurement,add,0.7565732319953895,0.8912080002119183,500,0,0
db5126313a4f42b1aecaaa1d33a2bd1e,0,stateless,final,chat,False,30,final_remeasurement,delete,0.5807731720151423,0.7966250000208674,500,0,0
db5126313a4f42b1aecaaa1d33a2bd1e,0,stateless,final,chat,False,30,final_remeasurement,get,0.6312412313318418,0.7565420000901213,1500,0,0
db5126313a4f42b1aecaaa1d33a2bd1e,0,stateless,final,chat,False,30,final_remeasurement,list_search,4.824250278998837,5.271333000109735,3000,0,0
db5126313a4f42b1aecaaa1d33a2bd1e,0,stateless,final,chat,False,30,final_remeasurement,update,0.7969292620036867,1.0101249999934225,500,0,0
db5126313a4f42b1aecaaa1d33a2bd1e,0,stateless,final,chat,False,10,checkpoint,add,0.7540326499893126,0.9235409997927491,500,0,0
db5126313a4f42b1aecaaa1d33a2bd1e,0,stateless,final,chat,False,10,checkpoint,delete,0.5655845739884171,0.8280000001832377,500,0,0
db5126313a4f42b1aecaaa1d33a2bd1e,0,stateless,final,chat,False,10,checkpoint,get,0.6288790886625671,0.74399999994057,1500,0,0
db5126313a4f42b1aecaaa1d33a2bd1e,0,stateless,final,chat,False,10,checkpoint,list_search,4.839414965996184,5.319500000041444,3000,0,0
db5126313a4f42b1aecaaa1d33a2bd1e,0,stateless,final,chat,False,10,checkpoint,update,0.7814707420029663,1.0273749999214488,500,0,0
db5126313a4f42b1aecaaa1d33a2bd1e,0,stateless,final,chat,False,15,checkpoint,add,0.7713901820134197,0.9350000000267755,500,0,0
db5126313a4f42b1aecaaa1d33a2bd1e,0,stateless,final,chat,False,15,checkpoint,delete,0.5717862359806531,0.8289580000564456,500,0,0
db5126313a4f42b1aecaaa1d33a2bd1e,0,stateless,final,chat,False,15,checkpoint,get,0.6358639340096488,0.7685420000598242,1500,0,0
db5126313a4f42b1aecaaa1d33a2bd1e,0,stateless,final,chat,False,15,checkpoint,list_search,4.837416603330136,5.331583000042883,3000,0,0
db5126313a4f42b1aecaaa1d33a2bd1e,0,stateless,final,chat,False,15,checkpoint,update,0.7916508000143949,1.0602920001474558,500,0,0
db5126313a4f42b1aecaaa1d33a2bd1e,0,stateless,final,chat,False,20,checkpoint,add,0.7707449920098952,0.89745800005403,500,0,0
db5126313a4f42b1aecaaa1d33a2bd1e,0,stateless,final,chat,False,20,checkpoint,delete,0.5664850139928603,0.7751660000394622,500,0,0
db5126313a4f42b1aecaaa1d33a2bd1e,0,stateless,final,chat,False,20,checkpoint,get,0.6297062599990871,0.744083999961731,1500,0,0
db5126313a4f42b1aecaaa1d33a2bd1e,0,stateless,final,chat,False,20,checkpoint,list_search,4.790570522667015,5.195374999857449,3000,0,0
db5126313a4f42b1aecaaa1d33a2bd1e,0,stateless,final,chat,False,20,checkpoint,update,0.7923065820123156,1.0223340000266035,500,0,0
db5126313a4f42b1aecaaa1d33a2bd1e,0,stateless,final,chat,False,25,checkpoint,add,0.7585389300074894,0.9257080000679707,500,0,0
db5126313a4f42b1aecaaa1d33a2bd1e,0,stateless,final,chat,False,25,checkpoint,delete,0.5641220260076807,0.8090840001386823,500,0,0
db5126313a4f42b1aecaaa1d33a2bd1e,0,stateless,final,chat,False,25,checkpoint,get,0.6277836239963411,0.751417000174115,1500,0,0
db5126313a4f42b1aecaaa1d33a2bd1e,0,stateless,final,chat,False,25,checkpoint,list_search,4.798040442337576,5.256999999801337,3000,0,0
db5126313a4f42b1aecaaa1d33a2bd1e,0,stateless,final,chat,False,25,checkpoint,update,0.7654543420148912,0.9950829999070265,500,0,0
db5126313a4f42b1aecaaa1d33a2bd1e,0,stateless,final,chat,False,30,checkpoint,add,0.8121862460111515,0.9235419997821737,500,0,0
db5126313a4f42b1aecaaa1d33a2bd1e,0,stateless,final,chat,False,30,checkpoint,delete,0.5814714100042693,0.8346250001523003,500,0,0
db5126313a4f42b1aecaaa1d33a2bd1e,0,stateless,final,chat,False,30,checkpoint,get,0.635369998668466,0.7404580001093564,1500,0,0
db5126313a4f42b1aecaaa1d33a2bd1e,0,stateless,final,chat,False,30,checkpoint,list_search,4.896081947668487,5.305791999944631,3000,0,0
db5126313a4f42b1aecaaa1d33a2bd1e,0,stateless,final,chat,False,30,checkpoint,update,0.7976861620045383,1.056833999882656,500,0,0
85543afb85e04abab682c3e64412917f,1,memory,final,chat,False,0,baseline,add,0.8720654120061226,1.165374999800406,500,0,0
85543afb85e04abab682c3e64412917f,1,memory,final,chat,False,0,baseline,delete,0.655358342000909,0.9727920005389024,500,0,0
85543afb85e04abab682c3e64412917f,1,memory,final,chat,False,0,baseline,get,0.6938052746536414,0.9415000004082685,1500,0,0
85543afb85e04abab682c3e64412917f,1,memory,final,chat,False,0,baseline,list_search,7.306913081663879,8.666458999869064,3000,0,0
85543afb85e04abab682c3e64412917f,1,memory,final,chat,False,0,baseline,update,0.8757918099927338,1.1727500004781177,500,0,0
85543afb85e04abab682c3e64412917f,1,memory,final,chat,False,1,parent,add,0.8593004600206768,1.270666999516834,500,0,0
85543afb85e04abab682c3e64412917f,1,memory,final,chat,False,1,parent,delete,0.8751750959909259,1.0719169995354605,500,0,0
85543afb85e04abab682c3e64412917f,1,memory,final,chat,False,1,parent,get,0.7298021713274162,0.9922080007527256,1500,0,0
85543afb85e04abab682c3e64412917f,1,memory,final,chat,False,1,parent,list_search,7.353795785005484,9.862666000117315,3000,0,0
85543afb85e04abab682c3e64412917f,1,memory,final,chat,False,1,parent,update,0.8618858499648923,1.2531669999589212,500,0,0
85543afb85e04abab682c3e64412917f,1,memory,final,chat,False,1,candidate,add,1.0732158879964118,1.5423750000991276,500,0,0
85543afb85e04abab682c3e64412917f,1,memory,final,chat,False,1,candidate,delete,0.8005444200061902,1.2786670004061307,500,0,0
85543afb85e04abab682c3e64412917f,1,memory,final,chat,False,1,candidate,get,0.834368647334486,1.2689589993897243,1500,0,0
85543afb85e04abab682c3e64412917f,1,memory,final,chat,False,1,candidate,list_search,17.80830697201448,26.343208000071172,3000,0,0
85543afb85e04abab682c3e64412917f,1,memory,final,chat,False,1,candidate,update,1.2690079979856819,1.6775829999460257,500,0,0
85543afb85e04abab682c3e64412917f,1,memory,final,chat,False,1,final_remeasurement,add,0.8899918280058046,1.2364999993224046,500,0,0
85543afb85e04abab682c3e64412917f,1,memory,final,chat,False,1,final_remeasurement,delete,0.6666365820092324,1.0666670004866319,500,0,0
85543afb85e04abab682c3e64412917f,1,memory,final,chat,False,1,final_remeasurement,get,0.7122084766645761,0.993332999314589,1500,0,0
85543afb85e04abab682c3e64412917f,1,memory,final,chat,False,1,final_remeasurement,list_search,7.339094004675947,9.207457999764301,3000,0,0
85543afb85e04abab682c3e64412917f,1,memory,final,chat,False,1,final_remeasurement,update,0.9114716000058252,1.3176660004319274,500,0,0
