run_id,pair_id,condition,phase,backend,synthetic,iteration,side,repetition,score_ms,total,successful,failed,timed_out
6c413964516c4dbd8223fa9172047701,0,memory,final,chat,False,0,baseline,0,4.0580855450044355,1200,1200,0,0
6c413964516c4dbd8223fa9172047701,0,memory,final,chat,False,0,baseline,1,3.854069984160257,1200,1200,0,0
6c413964516c4dbd8223fa9172047701,0,memory,final,chat,False,0,baseline,2,3.8559501816583484,1200,1200,0,0
6c413964516c4dbd8223fa9172047701,0,memory,final,chat,False,0,baseline,3,3.801477634170851,1200,1200,0,0
6c413964516c4dbd8223fa9172047701,0,memory,final,chat,False,0,baseline,4,3.910243104988543,1200,1200,0,0
6c413964516c4dbd8223fa9172047701,0,memory,final,chat,False,1,parent,0,4.441353038332636,1200,1200,0,0
6c413964516c4dbd8223fa9172047701,0,memory,final,chat,False,1,parent,1,3.8796470508289835,1200,1200,0,0
6c413964516c4dbd8223fa9172047701,0,memory,final,chat,False,1,parent,2,3.863369003331627,1200,1200,0,0
6c413964516c4dbd8223fa9172047701,0,memory,final,chat,False,1,parent,3,4.1028420050050345,1200,1200,0,0
6c413964516c4dbd8223fa9172047701,0,memory,final,chat,False,1,parent,4,3.903821205827095,1200,1200,0,0
6c413964516c4dbd8223fa9172047701,0,memory,final,chat,False,1,candidate,0,1.1282703991696508,1200,1200,0,0
6c413964516c4dbd8223fa9172047701,0,memory,final,chat,False,1,candidate,1,1.1315870216700812,1200,1200,0,0
6c413964516c4dbd8223fa9172047701,0,memory,final,chat,False,1,candidate,2,1.1218821950023994,1200,1200,0,0
6c413964516c4dbd8223fa9172047701,0,memory,final,chat,False,1,candidate,3,1.1708285441659427,1200,1200,0,0
6c413964516c4dbd8223fa9172047701,0,memory,final,chat,False,1,candidate,4,1.1985979391768826,1200,1200,0,0
6c413964516c4dbd8223fa9172047701,0,memory,final,chat,False,2,parent,0,1.159008795830611,1200,1200,0,0
6c413964516c4dbd8223fa9172047701,0,memory,final,chat,False,2,parent,1,1.178348467504217,1200,1200,0,0
6c413964516c4dbd8223fa9172047701,0,memory,final,chat,False,2,parent,2,1.098428369169066,1200,1200,0,0
6c413964516c4dbd8223fa9172047701,0,memory,final,chat,False,2,parent,3,1.1214332850011033,1200,1200,0,0
6c413964516c4dbd8223fa9172047701,0,memory,final,chat,False,2,parent,4,1.129237001656899,1200,1200,0,0
6c413964516c4dbd8223fa9172047701,0,memory,final,chat,False,2,candidate,0,1.1236040583374536,1200,1200,0,0
6c413964516c4dbd8223fa9172047701,0,memory,final,chat,False,2,candidate,1,1.1563900058339034,1200,1200,0,0
6c413964516c4dbd8223fa9172047701,0,memory,final,chat,False,2,candidate,2,1.1357217816635057,1200,1200,0,0
6c413964516c4dbd8223fa9172047701,0,memory,final,chat,False,2,candidate,3,1.0759912666605942,1200,1200,0,0
6c413964516c4dbd8223fa9172047701,0,memory,final,chat,False,2,candidate,4,1.160700220828706,1200,1200,0,0
6c413964516c4dbd8223fa9172047701,0,memory,final,chat,False,3,parent,0,1.0962996058337164,1200,1200,0,0
6c413964516c4dbd8223fa9172047701,0,memory,final,chat,False,3,parent,1,1.0926010933368009,1200,1200,0,0
6c413964516c4dbd8223fa9172047701,0,memory,final,chat,False,3,parent,2,2.0056912891717125,1200,1200,0,0
6c413964516c4dbd8223fa9172047701,0,memory,final,chat,False,3,parent,3,1.0907771416721819,1200,1200,0,0
6c413964516c4dbd8223fa9172047701,0,memory,final,chat,False,3,parent,4,1.1154285999991014,1200,1200,0,0
6c413964516c4dbd8223fa9172047701,0,memory,final,chat,False,3,candidate,0,1.1334768824967039,1200,1200,0,0
6c413964516c4dbd8223fa9172047701,0,memory,final,chat,False,3,candidate,1,1.2303126825084594,1200,1200,0,0
6c413964516c4dbd8223fa9172047701,0,memory,final,chat,False,3,candidate,2,1.1914004641543368,1200,1200,0,0
6c413964516c4dbd8223fa9172047701,0,memory,final,chat,False,3,candidate,3,1.0770770558341762,1200,1200,0,0
6c413964516c4dbd8223fa9172047701,0,memory,final,chat,False,3,candidate,4,1.1299210691655996,1200,1200,0,0
6c413964516c4dbd8223fa9172047701,0,memory,final,chat,False,4,parent,0,1.1060807533385741,1200,1200,0,0
6c413964516c4dbd8223fa9172047701,0,memory,final,chat,False,4,parent,1,1.1513939266588598,1200,1200,0,0
6c413964516c4dbd8223fa9172047701,0,memory,final,chat,False,4,parent,2,1.1614046416711215,1200,1200,0,0
6c413964516c4dbd8223fa9172047701,0,memory,final,chat,False,4,parent,3,1.3221536166641574,1200,1200,0,0
6c413964516c4dbd8223fa9172047701,0,memory,final,chat,False,4,parent,4,1.1927235150070221,1200,1200,0,0
6c413964516c4dbd8223fa9172047701,0,memory,final,chat,False,4,candidate,0,1.0977318083428145,1200,1200,0,0
6c413964516c4dbd8223fa9172047701,0,memory,final,chat,False,4,candidate,1,1.1483238791572603,1200,1200,0,0
6c413964516c4dbd8223fa9172047701,0,memory,final,chat,False,4,candidate,2,1.4198045883388961,1200,1200,0,0
6c413964516c4dbd8223fa9172047701,0,memory,final,chat,False,4,candidate,3,1.2442661349882655,1200,1200,0,0
6c413964516c4dbd8223fa9172047701,0,memory,final,chat,False,4,candidate,4,1.23883128166464,1200,1200,0,0
6c413964516c4dbd8223fa9172047701,0,memory,final,chat,False,5,parent,0,1.1346930533352406,1200,1200,0,0
6c413964516c4dbd8223fa9172047701,0,memory,final,chat,False,5,parent,1,1.1608046500066393,1200,1200,0,0
6c413964516c4dbd8223fa9172047701,0,memory,final,chat,False,5,parent,2,1.0820587258319847,1200,1200,0,0
6c413964516c4dbd8223fa9172047701,0,memory,final,chat,False,5,parent,3,1.1686867174929223,1200,1200,0,0
6c413964516c4dbd8223fa9172047701,0,memory,final,chat,False,5,parent,4,1.1501736149962956,1200,1200,0,0
6c413964516c4dbd8223fa9172047701,0,memory,final,chat,False,5,candidate,0,1.09394111417411,1200,1200,0,0
6c413964516c4dbd8223fa9172047701,0,memory,final,chat,False,5,candidate,1,1.0887761841608306,1200,1200,0,0
6c413964516c4dbd8223fa9172047701,0,memory,final,chat,False,5,candidate,2,1.146784127504361,1200,1200,0,0
6c413964516c4dbd8223fa9172047701,0,memory,final,chat,False,5,candidate,3,1.1686530966646085,1200,1200,0,0
6c413964516c4dbd8223fa9172047701,0,memory,final,chat,False,5,candidate,4,1.087679260827296,1200,1200,0,0
6c413964516c4dbd8223fa9172047701,0,memory,final,chat,False,6,parent,0,1.104815193335374,1200,1200,0,0
6c413964516c4dbd8223fa9172047701,0,memory,final,chat,False,6,parent,1,1.1273876825043772,1200,1200,0,0
6c413964516c4dbd8223fa9172047701,0,memory,final,chat,False,6,parent,2,1.1403137599988138,1200,1200,0,0
6c413964516c4dbd8223fa9172047701,0,memory,final,chat,False,6,parent,3,1.6129696291776934,1200,1200,0,0
6c413964516c4dbd8223fa9172047701,0,memory,final,chat,False,6,parent,4,1.1267688908306657,1200,1200,0,0
6c413964516c4dbd8223fa9172047701,0,memory,final,chat,False,6,candidate,0,1.1177921050057193,1200,1200,0,0
6c413964516c4dbd8223fa9172047701,0,memory,final,chat,False,6,candidate,1,1.0838436225007324,1200,1200,0,0
6c413964516c4dbd8223fa9172047701,0,memory,final,chat,False,6,candidate,2,1.1511589225131047,1200,1200,0,0
6c413964516c4dbd8223fa9172047701,0,memory,final,chat,False,6,candidate,3,1.155093311657538,1200,1200,0,0
6c413964516c4dbd8223fa9172047701,0,memory,final,chat,False,6,candidate,4,1.0873177833256402,1200,1200,0,0
6c413964516c4dbd8223fa9172047701,0,memory,final,chat,False,7,parent,0,1.1000710499968136,1200,1200,0,0
6c413964516c4dbd8223fa9172047701,0,memory,final,chat,False,7,parent,1,1.1090317316688925,1200,1200,0,0
6c413964516c4dbd8223fa9172047701,0,memory,final,chat,False,7,parent,2,1.1378538058340837,1200,1200,0,0
6c413964516c4dbd8223fa9172047701,0,memory,final,chat,False,7,parent,3,1.3343805166637897,1200,1200,0,0
6c413964516c4dbd8223fa9172047701,0,memory,final,chat,False,7,parent,4,1.1810621200011913,1200,1200,0,0
6c413964516c4dbd8223fa9172047701,0,memory,final,chat,False,7,candidate,0,1.1886968266655156,1200,1200,0,0
6c413964516c4dbd8223fa9172047701,0,memory,final,chat,False,7,candidate,1,1.1149875758474082,1200,1200,0,0
6c413964516c4dbd8223fa9172047701,0,memory,final,chat,False,7,candidate,2,1.2757819366697731,1200,1200,0,0
6c413964516c4dbd8223fa9172047701,0,memory,final,chat,False,7,candidate,3,1.0853558433124515,1200,1200,0,0
6c413964516c4dbd8223fa9172047701,0,memory,final,chat,False,7,candidate,4,1.329200660004517,1200,1200,0,0
6c413964516c4dbd8223fa9172047701,0,memory,final,chat,False,9,parent,0,1.1591535558515413,1200,1200,0,0
6c413964516c4dbd8223fa9172047701,0,memory,final,chat,False,9,parent,1,1.0881077050028882,1200,1200,0,0
6c413964516c4dbd8223fa9172047701,0,memory,final,chat,False,9,parent,2,1.1976330083416542,1200,1200,0,0
6c413964516c4dbd8223fa9172047701,0,memory,final,chat,False,9,parent,3,1.326170259170946,1200,1200,0,0
6c413964516c4dbd8223fa9172047701,0,memory,final,chat,False,9,parent,4,1.1214674483305014,1200,1200,0,0
6c413964516c4dbd8223fa9172047701,0,memory,final,chat,False,9,candidate,0,1.078970938325104,1200,1200,0,0
6c413964516c4dbd8223fa9172047701,0,memory,final,chat,False,9,candidate,1,1.1768443716853956,1200,1200,0,0
6c413964516c4dbd8223fa9172047701,0,memory,final,chat,False,9,candidate,2,1.1918719641516873,1200,1200,0,0
6c413964516c4dbd8223fa9172047701,0,memory,final,chat,False,9,candidate,3,1.1294845566658296,1200,1200,0,0
6c413964516c4dbd8223fa9172047701,0,memory,final,chat,False,9,candidate,4,1.1354003008250402,1200,1200,0,0
6c413964516c4dbd8223fa9172047701,0,memory,final,chat,False,14,parent,0,1.2445794233288627,1200,1200,0,0
6c413964516c4dbd8223fa9172047701,0,memory,final,chat,False,14,parent,1,1.408366836692494,1200,1200,0,0
6c413964516c4dbd8223fa9172047701,0,memory,final,chat,False,14,parent,2,1.1583618208093565,1200,1200,0,0
6c413964516c4dbd8223fa9172047701,0,memory,final,chat,False,14,parent,3,1.1702998558257605,1200,1200,0,0
6c413964516c4dbd8223fa9172047701,0,memory,final,chat,False,14,parent,4,1.1652920058183251,1200,1200,0,0
6c413964516c4dbd8223fa9172047701,0,memory,final,chat,False,14,candidate,0,0.9987776991594425,1200,1200,0,0
6c413964516c4dbd8223fa9172047701,0,memory,final,chat,False,14,candidate,1,1.0700056258338009,1200,1200,0,0
6c413964516c4dbd8223fa9172047701,0,memory,final,chat,False,14,candidate,2,1.0334392733216191,1200,1200,0,0
6c413964516c4dbd8223fa9172047701,0,memory,final,chat,False,14,candidate,3,0.9970152816633041,1200,1200,0,0
6c413964516c4dbd8223fa9172047701,0,memory,final,chat,False,14,candidate,4,1.0531137325036373,1200,1200,0,0
6c413964516c4dbd8223fa9172047701,0,memory,final,chat,False,15,parent,0,1.0421317033198345,1200,1200,0,0
6c413964516c4dbd8223fa9172047701,0,memory,final,chat,False,15,parent,1,1.218045898321331,1200,1200,0,0
6c413964516c4dbd8223fa9172047701,0,memory,final,chat,False,15,parent,2,1.0391994316622306,1200,1200,0,0
6c413964516c4dbd8223fa9172047701,0,memory,final,chat,False,15,parent,3,1.0920369741779723,1200,1200,0,0
6c413964516c4dbd8223fa9172047701,0,memory,final,chat,False,15,parent,4,1.0097291575160245,1200,1200,0,0
6c413964516c4dbd8223fa9172047701,0,memory,final,chat,False,15,candidate,0,1.040816454171818,1200,1200,0,0
6c413964516c4dbd8223fa9172047701,0,memory,final,chat,False,15,candidate,1,1.0315094016603628,1200,1200,0,0
6c413964516c4dbd8223fa9172047701,0,memory,final,chat,False,15,candidate,2,0.9820306041403152,1200,1200,0,0
6c413964516c4dbd8223fa9172047701,0,memory,final,chat,False,15,candidate,3,1.0592181074980545,1200,1200,0,0
6c413964516c4dbd8223fa9172047701,0,memory,final,chat,False,15,candidate,4,1.0448652083437082,1200,1200,0,0
6c413964516c4dbd8223fa9172047701,0,memory,final,chat,False,16,parent,0,0.973388832492977,1200,1200,0,0
6c413964516c4dbd8223fa9172047701,0,memory,final,chat,False,16,parent,1,0.9881747608361972,1200,1200,0,0
6c413964516c4dbd8223fa9172047701,0,memory,final,chat,False,16,parent,2,1.0731701108193192,1200,1200,0,0
6c413964516c4dbd8223fa9172047701,0,memory,final,chat,False,16,parent,3,0.9799802491640245,1200,1200,0,0
6c413964516c4dbd8223fa9172047701,0,memory,final,chat,False,16,parent,4,1.1660763049834106,1200,1200,0,0
6c413964516c4dbd8223fa9172047701,0,memory,final,chat,False,16,candidate,0,1.2970458425040003,1200,1200,0,0
6c413964516c4dbd8223fa9172047701,0,memory,final,chat,False,16,candidate,1,0.9826951800065823,1200,1200,0,0
6c413964516c4dbd8223fa9172047701,0,memory,final,chat,False,16,candidate,2,1.0072204575074768,1200,1200,0,0
6c413964516c4dbd8223fa9172047701,0,memory,final,chat,False,16,candidate,3,1.1167093283196057,1200,1200,0,0
6c413964516c4dbd8223fa9172047701,0,memory,final,chat,False,16,candidate,4,1.012329025024125,1200,1200,0,0
6c413964516c4dbd8223fa9172047701,0,memory,final,chat,False,30,final_remeasurement,0,0.9993817974805097,1200,1200,0,0
6c413964516c4dbd8223fa9172047701,0,memory,final,chat,False,30,final_remeasurement,1,0.9938008675021592,1200,1200,0,0
6c413964516c4dbd8223fa9172047701,0,memory,final,chat,False,30,final_remeasurement,2,0.9954501308455596,1200,1200,0,0
6c413964516c4dbd8223fa9172047701,0,memory,final,chat,False,30,final_remeasurement,3,0.957840520843547,1200,1200,0,0
6c413964516c4dbd8223fa9172047701,0,memory,final,chat,False,30,final_remeasurement,4,1.0219957750162696,1200,1200,0,0
6c413964516c4dbd8223fa9172047701,0,memory,final,chat,False,10,checkpoint,0,1.0898234699910365,1200,1200,0,0
6c413964516c4dbd8223fa9172047701,0,memory,final,chat,False,10,checkpoint,1,1.0767005575022874,1200,1200,0,0
6c413964516c4dbd8223fa9172047701,0,memory,final,chat,False,10,checkpoint,2,1.1389415999921464,1200,1200,0,0
6c413964516c4dbd8223fa9172047701,0,memory,final,chat,False,10,checkpoint,3,1.116857479172874,1200,1200,0,0
6c413964516c4dbd8223fa9172047701,0,memory,final,chat,False,10,checkpoint,4,1.1401505683193136,1200,1200,0,0
6c413964516c4dbd8223fa9172047701,0,memory,final,chat,False,15,checkpoint,0,1.018314059996707,1200,1200,0,0
6c413964516c4dbd8223fa9172047701,0,memory,final,chat,False,15,checkpoint,1,1.0442931299886975,1200,1200,0,0
6c413964516c4dbd8223fa9172047701,0,memory,final,chat,False,15,checkpoint,2,0.9862287225094709,1200,1200,0,0
6c413964516c4dbd8223fa9172047701,0,memory,final,chat,False,15,checkpoint,3,0.9742742041544261,1200,1200,0,0
6c413964516c4dbd8223fa9172047701,0,memory,final,chat,False,15,checkpoint,4,1.0604346199958552,1200,1200,0,0
6c413964516c4dbd8223fa9172047701,0,memory,final,chat,False,20,checkpoint,0,0.9922129916465868,1200,1200,0,0
6c413964516c4dbd8223fa9172047701,0,memory,final,chat,False,20,checkpoint,1,1.0130893383370676,1200,1200,0,0
6c413964516c4dbd8223fa9172047701,0,memory,final,chat,False,20,checkpoint,2,0.9962628874927759,1200,1200,0,0
6c413964516c4dbd8223fa9172047701,0,memory,final,chat,False,20,checkpoint,3,1.0176117291545477,1200,1200,0,0
6c413964516c4dbd8223fa9172047701,0,memory,final,chat,False,20,checkpoint,4,0.9977964400180402,1200,1200,0,0
6c413964516c4dbd8223fa9172047701,0,memory,final,chat,False,25,checkpoint,0,1.0472595208367845,1200,1200,0,0
6c413964516c4dbd8223fa9172047701,0,memory,final,chat,False,25,checkpoint,1,0.9790858083253321,1200,1200,0,0
6c413964516c4dbd8223fa9172047701,0,memory,final,chat,False,25,checkpoint,2,1.0357224241708234,1200,1200,0,0
6c413964516c4dbd8223fa9172047701,0,memory,final,chat,False,25,checkpoint,3,1.0258147333479428,1200,1200,0,0
6c413964516c4dbd8223fa9172047701,0,memory,final,chat,False,25,checkpoint,4,0.9638549750085682,1200,1200,0,0
6c413964516c4dbd8223fa9172047701,0,memory,final,chat,False,30,checkpoint,0,0.9931540750070175,1200,1200,0,0
6c413964516c4dbd8223fa9172047701,0,memory,final,chat,False,30,checkpoint,1,0.9940661433294432,1200,1200,0,0
6c413964516c4dbd8223fa9172047701,0,memory,final,chat,False,30,checkpoint,2,0.9781014308380994,1200,1200,0,0
6c413964516c4dbd8223fa9172047701,0,memory,final,chat,False,30,checkpoint,3,0.9818293050019141,1200,1200,0,0
6c413964516c4dbd8223fa9172047701,0,memory,final,chat,False,30,checkpoint,4,0.9821804866457265,1200,1200,0,0
db5126313a4f42b1aecaaa1d33a2bd1e,0,stateless,final,chat,False,0,baseline,0,3.8766903550019074,1200,1200,0,0
db5126313a4f42b1aecaaa1d33a2bd1e,0,stateless,final,chat,False,0,baseline,1,3.8302307333384533,1200,1200,0,0
db5126313a4f42b1aecaaa1d33a2bd1e,0,stateless,final,chat,False,0,baseline,2,3.765155811665674,1200,1200,0,0
db5126313a4f42b1aecaaa1d33a2bd1e,0,stateless,final,chat,False,0,baseline,3,4.318203609162576,1200,1200,0,0
db5126313a4f42b1aecaaa1d33a2bd1e,0,stateless,final,chat,False,0,baseline,4,4.173643338336888,1200,1200,0,0
db5126313a4f42b1aecaaa1d33a2bd1e,0,stateless,final,chat,False,4,parent,0,3.9058503450024773,1200,1200,0,0
db5126313a4f42b1aecaaa1d33a2bd1e,0,stateless,final,chat,False,4,parent,1,3.8304213049989735,1200,1200,0,0
db5126313a4f42b1aecaaa1d33a2bd1e,0,stateless,final,chat,False,4,parent,2,3.862418178332329,1200,1200,0,0
db5126313a4f42b1aecaaa1d33a2bd1e,0,stateless,final,chat,False,4,parent,3,3.7406428858321306,1200,1200,0,0
db5126313a4f42b1aecaaa1d33a2bd1e,0,stateless,final,chat,False,4,parent,4,3.7922966324979748,1200,1200,0,0
db5126313a4f42b1aecaaa1d33a2bd1e,0,stateless,final,chat,False,4,candidate,0,2.9445008008337936,1200,1200,0,0
db5126313a4f42b1aecaaa1d33a2bd1e,0,stateless,final,chat,False,4,candidate,1,3.2933873266712985,1200,1200,0,0
db5126313a4f42b1aecaaa1d33a2bd1e,0,stateless,final,chat,False,4,candidate,2,2.7837561375033224,1200,1200,0,0
db5126313a4f42b1aecaaa1d33a2bd1e,0,stateless,final,chat,False,4,candidate,3,2.736995733332416,1200,1200,0,0
db5126313a4f42b1aecaaa1d33a2bd1e,0,stateless,final,chat,False,4,candidate,4,2.7642723891644514,1200,1200,0,0
db5126313a4f42b1aecaaa1d33a2bd1e,0,stateless,final,chat,False,30,final_remeasurement,0,2.7628799383334504,1200,1200,0,0
db5126313a4f42b1aecaaa1d33a2bd1e,0,stateless,final,chat,False,30,final_remeasurement,1,2.7470787491703654,1200,1200,0,0
db5126313a4f42b1aecaaa1d33a2bd1e,0,stateless,final,chat,False,30,final_remeasurement,2,2.7077626808253776,1200,1200,0,0
db5126313a4f42b1aecaaa1d33a2bd1e,0,stateless,final,chat,False,30,final_remeasurement,3,2.7006484950027243,1200,1200,0,0
db5126313a4f42b1aecaaa1d33a2bd1e,0,stateless,final,chat,False,30,final_remeasurement,4,2.820588900835901,1200,1200,0,0
db5126313a4f42b1aecaaa1d33a2bd1e,0,stateless,final,chat,False,10,checkpoint,0,2.7551877791643165,1200,1200,0,0
db5126313a4f42b1aecaaa1d33a2bd1e,0,stateless,final,chat,False,10,checkpoint,1,2.6811662866593147,1200,1200,0,0
db5126313a4f42b1aecaaa1d33a2bd1e,0,stateless,final,chat,False,10,checkpoint,2,2.703734974161686,1200,1200,0,0
db5126313a4f42b1aecaaa1d33a2bd1e,0,stateless,final,chat,False,10,checkpoint,3,2.8150879533344173,1200,1200,0,0
db5126313a4f42b1aecaaa1d33a2bd1e,0,stateless,final,chat,False,10,checkpoint,4,2.804912601657558,1200,1200,0,0
db5126313a4f42b1aecaaa1d33a2bd1e,0,stateless,final,chat,False,15,checkpoint,0,2.710472964161378,1200,1200,0,0
db5126313a4f42b1aecaaa1d33a2bd1e,0,stateless,final,chat,False,15,checkpoint,1,2.752444718338438,1200,1200,0,0
db5126313a4f42b1aecaaa1d33a2bd1e,0,stateless,final,chat,False,15,checkpoint,2,2.70935933750593,1200,1200,0,0
db5126313a4f42b1aecaaa1d33a2bd1e,0,stateless,final,chat,False,15,checkpoint,3,2.7525496558322025,1200,1200,0,0
db5126313a4f42b1aecaaa1d33a2bd1e,0,stateless,final,chat,False,15,checkpoint,4,2.8530560908363136,1200,1200,0,0
db5126313a4f42b1aecaaa1d33a2bd1e,0,stateless,final,chat,False,20,checkpoint,0,2.7342837524906827,1200,1200,0,0
db5126313a4f42b1aecaaa1d33a2bd1e,0,stateless,final,chat,False,20,checkpoint,1,2.7675240650042574,1200,1200,0,0
db5126313a4f42b1aecaaa1d33a2bd1e,0,stateless,final,chat,False,20,checkpoint,2,2.7237829591725435,1200,1200,0,0
db5126313a4f42b1aecaaa1d33a2bd1e,0,stateless,final,chat,False,20,checkpoint,3,2.742042332508466,1200,1200,0,0
db5126313a4f42b1aecaaa1d33a2bd1e,0,stateless,final,chat,False,20,checkpoint,4,2.6832329341633945,1200,1200,0,0
db5126313a4f42b1aecaaa1d33a2bd1e,0,stateless,final,chat,False,25,checkpoint,0,2.6825771916693006,1200,1200,0,0
db5126313a4f42b1aecaaa1d33a2bd1e,0,stateless,final,chat,False,25,checkpoint,1,2.7307604866700785,1200,1200,0,0
db5126313a4f42b1aecaaa1d33a2bd1e,0,stateless,final,chat,False,25,checkpoint,2,2.6956846216656536,1200,1200,0,0
db5126313a4f42b1aecaaa1d33a2bd1e,0,stateless,final,chat,False,25,checkpoint,3,2.771260520839481,1200,1200,0,0
db5126313a4f42b1aecaaa1d33a2bd1e,0,stateless,final,chat,False,25,checkpoint,4,2.7695958558407106,1200,1200,0,0
db5126313a4f42b1aecaaa1d33a2bd1e,0,stateless,final,chat,False,30,checkpoint,0,2.858041540830906,1200,1200,0,0
db5126313a4f42b1aecaaa1d33a2bd1e,0,stateless,final,chat,False,30,checkpoint,1,2.7882870575039456,1200,1200,0,0
db5126313a4f42b1aecaaa1d33a2bd1e,0,stateless,final,chat,False,30,checkpoint,2,2.6923483433457327,1200,1200,0,0
db5126313a4f42b1aecaaa1d33a2bd1e,0,stateless,final,chat,False,30,checkpoint,3,2.721457643336483,1200,1200,0,0
db5126313a4f42b1aecaaa1d33a2bd1e,0,stateless,final,chat,False,30,checkpoint,4,2.887342706664716,1200,1200,0,0
85543afb85e04abab682c3e64412917f,1,memory,final,chat,False,0,baseline,0,4.066537069976827,1200,1200,0,0
85543afb85e04abab682c3e64412917f,1,memory,final,chat,False,0,baseline,1,3.8369842491655013,1200,1200,0,0
85543afb85e04abab682c3e64412917f,1,memory,final,chat,False,0,baseline,2,4.221708155830584,1200,1200,0,0
85543afb85e04abab682c3e64412917f,1,memory,final,chat,False,0,baseline,3,3.9038112225049795,1200,1200,0,0
85543afb85e04abab682c3e64412917f,1,memory,final,chat,False,0,baseline,4,4.106838418332093,1200,1200,0,0
85543afb85e04abab682c3e64412917f,1,memory,final,chat,False,1,parent,0,3.8513999333296547,1200,1200,0,0
85543afb85e04abab682c3e64412917f,1,memory,final,chat,False,1,parent,1,4.978702717507228,1200,1200,0,0
85543afb85e04abab682c3e64412917f,1,memory,final,chat,False,1,parent,2,3.942836217495369,1200,1200,0,0
85543afb85e04abab682c3e64412917f,1,memory,final,chat,False,1,parent,3,3.7721300258363044,1200,1200,0,0
85543afb85e04abab682c3e64412917f,1,memory,final,chat,False,1,parent,4,3.833490534994629,1200,1200,0,0
85543afb85e04abab682c3e64412917f,1,memory,final,chat,False,1,candidate,0,8.702584552497683,1200,1200,0,0
85543afb85e04abab682c3e64412917f,1,memory,final,chat,False,1,candidate,1,8.688913659178374,1200,1200,0,0
85543afb85e04abab682c3e64412917f,1,memory,final,chat,False,1,candidate,2,10.652508505011156,1200,1200,0,0
85543afb85e04abab682c3e64412917f,1,memory,final,chat,False,1,candidate,3,9.567673205004516,1200,1200,0,0
85543afb85e04abab682c3e64412917f,1,memory,final,chat,False,1,candidate,4,9.261535111674371,1200,1200,0,0
85543afb85e04abab682c3e64412917f,1,memory,final,chat,False,1,final_remeasurement,0,4.398606656677657,1200,1200,0,0
85543afb85e04abab682c3e64412917f,1,memory,final,chat,False,1,final_remeasurement,1,4.152701669144487,1200,1200,0,0
85543afb85e04abab682c3e64412917f,1,memory,final,chat,False,1,final_remeasurement,2,4.09220315835455,1200,1200,0,0
85543afb85e04abab682c3e64412917f,1,memory,final,chat,False,1,final_remeasurement,3,3.8553781233425375,1200,1200,0,0
85543afb85e04abab682c3e64412917f,1,memory,final,chat,False,1,final_remeasurement,4,3.767481004176716,1200,1200,0,0
