run_id,pair_id,condition,phase,backend,synthetic,iteration,status,accepted,correctness,parent_hash,candidate_hash,retained_hash,parent_score_ms,candidate_score_ms,retained_score_ms,normalized_retained_latency,retained_score_carried_forward,candidate_request_success_rate,successful_requests,failed_requests,repeated_unsuccessful_approach,approach,audit_status
4badbc1f3a8d403899e54ee6e2bb6627,0,memory,pilot,chat,False,1,evaluated,False,True,4a97a1bbf4492970f2d33874ba2d2dccbc30f1a551a995490c45f46509a3636b,99f4d2b595c16d93f7694a075c98570cb93b941ac4bcc85db876230da385d867,4a97a1bbf4492970f2d33874ba2d2dccbc30f1a551a995490c45f46509a3636b,3.9254881333300773,3.8653247208329353,3.9254881333300773,1.0276138983229597,False,1.0,6000,0,False,serialization,passed
4badbc1f3a8d403899e54ee6e2bb6627,0,memory,pilot,chat,False,2,correctness_failed,False,False,4a97a1bbf4492970f2d33874ba2d2dccbc30f1a551a995490c45f46509a3636b,dc01af233b4d875b55ce1c5b20eb0e5d7d500039c147b6883fbd036e848201f3,4a97a1bbf4492970f2d33874ba2d2dccbc30f1a551a995490c45f46509a3636b,,,3.9254881333300773,1.0276138983229597,True,,,,False,computation,passed
4badbc1f3a8d403899e54ee6e2bb6627,0,memory,pilot,chat,False,3,correctness_failed,False,False,4a97a1bbf4492970f2d33874ba2d2dccbc30f1a551a995490c45f46509a3636b,3fbc754f813834f1bae41387ff36e5e52883e93a7ba79038272abfd9e9cf998b,4a97a1bbf4492970f2d33874ba2d2dccbc30f1a551a995490c45f46509a3636b,,,3.9254881333300773,1.0276138983229597,True,,,,False,computation,passed
4badbc1f3a8d403899e54ee6e2bb6627,0,memory,pilot,chat,False,4,correctness_failed,False,False,4a97a1bbf4492970f2d33874ba2d2dccbc30f1a551a995490c45f46509a3636b,a247c01c2303bbb36d97f99d73cf8163071111d00a4dc8a74c320f010291f803,4a97a1bbf4492970f2d33874ba2d2dccbc30f1a551a995490c45f46509a3636b,,,3.9254881333300773,1.0276138983229597,True,,,,False,computation,passed
4badbc1f3a8d403899e54ee6e2bb6627,0,memory,pilot,chat,False,5,correctness_failed,False,False,4a97a1bbf4492970f2d33874ba2d2dccbc30f1a551a995490c45f46509a3636b,f00990be5456fc3d179f4a48369719c922c933e91c1c0ea489cffa7101034001,4a97a1bbf4492970f2d33874ba2d2dccbc30f1a551a995490c45f46509a3636b,,,3.9254881333300773,1.0276138983229597,True,,,,True,computation,passed
4badbc1f3a8d403899e54ee6e2bb6627,0,memory,pilot,chat,False,6,correctness_failed,False,False,4a97a1bbf4492970f2d33874ba2d2dccbc30f1a551a995490c45f46509a3636b,a50c4de09b1b15fe845450e53b3ad6700432f1f7867536e07301a3a62e89a2ce,4a97a1bbf4492970f2d33874ba2d2dccbc30f1a551a995490c45f46509a3636b,,,3.9254881333300773,1.0276138983229597,True,,,,True,computation,passed
4badbc1f3a8d403899e54ee6e2bb6627,0,memory,pilot,chat,False,7,correctness_failed,False,False,4a97a1bbf4492970f2d33874ba2d2dccbc30f1a551a995490c45f46509a3636b,b7d946b0b542d7de73dcc06a57ffb866718ab791ca1805b92261d6be9e699628,4a97a1bbf4492970f2d33874ba2d2dccbc30f1a551a995490c45f46509a3636b,,,3.9254881333300773,1.0276138983229597,True,,,,True,computation,passed
4badbc1f3a8d403899e54ee6e2bb6627,0,memory,pilot,chat,False,8,correctness_failed,False,False,4a97a1bbf4492970f2d33874ba2d2dccbc30f1a551a995490c45f46509a3636b,ad5d7488ae970d5207f6a2577548dd2b8c8b62bfeac87f9f44999c89334462d6,4a97a1bbf4492970f2d33874ba2d2dccbc30f1a551a995490c45f46509a3636b,,,3.9254881333300773,1.0276138983229597,True,,,,True,computation,passed
4badbc1f3a8d403899e54ee6e2bb6627,0,memory,pilot,chat,False,9,correctness_failed,False,False,4a97a1bbf4492970f2d33874ba2d2dccbc30f1a551a995490c45f46509a3636b,d5733d01b8b8d93482360cfb4f76b7199e35e87e2f0a08610ef512a289ab8429,4a97a1bbf4492970f2d33874ba2d2dccbc30f1a551a995490c45f46509a3636b,,,3.9254881333300773,1.0276138983229597,True,,,,False,computation,passed
4badbc1f3a8d403899e54ee6e2bb6627,0,memory,pilot,chat,False,10,correctness_failed,False,False,4a97a1bbf4492970f2d33874ba2d2dccbc30f1a551a995490c45f46509a3636b,2467f6dea5a8f7dc612a3e692e059587fc9a588187c500cae0be013952c064a6,4a97a1bbf4492970f2d33874ba2d2dccbc30f1a551a995490c45f46509a3636b,,,3.9254881333300773,1.0276138983229597,True,,,,True,computation,passed
238ec0cacc7244158b4716c673c10461,0,stateless,pilot,chat,False,1,correctness_failed,False,False,4a97a1bbf4492970f2d33874ba2d2dccbc30f1a551a995490c45f46509a3636b,3d15df18d08a46cf546307348f0223f53204ccb5d502096d6aff8858aaeda835,4a97a1bbf4492970f2d33874ba2d2dccbc30f1a551a995490c45f46509a3636b,,,3.890628705834326,1.0,True,,,,False,query,failed
238ec0cacc7244158b4716c673c10461,0,stateless,pilot,chat,False,2,correctness_failed,False,False,4a97a1bbf4492970f2d33874ba2d2dccbc30f1a551a995490c45f46509a3636b,24990fea53ee3715f9ed064230a56ee65ade0a8478a124b94047e0838da4ecaf,4a97a1bbf4492970f2d33874ba2d2dccbc30f1a551a995490c45f46509a3636b,,,3.890628705834326,1.0,True,,,,False,query,passed
238ec0cacc7244158b4716c673c10461,0,stateless,pilot,chat,False,3,correctness_failed,False,False,4a97a1bbf4492970f2d33874ba2d2dccbc30f1a551a995490c45f46509a3636b,9eab76e14845fad8a707aa26505acb1345626cc7bc4c99c3c71c236c5730045a,4a97a1bbf4492970f2d33874ba2d2dccbc30f1a551a995490c45f46509a3636b,,,3.890628705834326,1.0,True,,,,False,query,passed
238ec0cacc7244158b4716c673c10461,0,stateless,pilot,chat,False,4,correctness_failed,False,False,4a97a1bbf4492970f2d33874ba2d2dccbc30f1a551a995490c45f46509a3636b,4cf0e6cc7e6d1e91fe7e3545fe6127f959cf7384d09180d8262a380a2bb4a3c7,4a97a1bbf4492970f2d33874ba2d2dccbc30f1a551a995490c45f46509a3636b,,,3.890628705834326,1.0,True,,,,False,query,passed
238ec0cacc7244158b4716c673c10461,0,stateless,pilot,chat,False,5,correctness_failed,False,False,4a97a1bbf4492970f2d33874ba2d2dccbc30f1a551a995490c45f46509a3636b,95372fb0ed5c9aa440106d34d050bb70ae533d8070103f79b8e63ce6e36adad6,4a97a1bbf4492970f2d33874ba2d2dccbc30f1a551a995490c45f46509a3636b,,,3.890628705834326,1.0,True,,,,False,query,passed
238ec0cacc7244158b4716c673c10461,0,stateless,pilot,chat,False,6,correctness_failed,False,False,4a97a1bbf4492970f2d33874ba2d2dccbc30f1a551a995490c45f46509a3636b,0e3a8269f6a82446146911ae0c428b985b2d2c368b2fef1850fea457bd9494a2,4a97a1bbf4492970f2d33874ba2d2dccbc30f1a551a995490c45f46509a3636b,,,3.890628705834326,1.0,True,,,,False,query,passed
238ec0cacc7244158b4716c673c10461,0,stateless,pilot,chat,False,7,correctness_failed,False,False,4a97a1bbf4492970f2d33874ba2d2dccbc30f1a551a995490c45f46509a3636b,c77b8274f54d2b8c97577526dc7058e31066e19e1d2e94308df377b7d8a942ee,4a97a1bbf4492970f2d33874ba2d2dccbc30f1a551a995490c45f46509a3636b,,,3.890628705834326,1.0,True,,,,False,query,passed
238ec0cacc7244158b4716c673c10461,0,stateless,pilot,chat,False,8,correctness_failed,False,False,4a97a1bbf4492970f2d33874ba2d2dccbc30f1a551a995490c45f46509a3636b,d1bad5485ac757606737f04381b1b9e8c08c92e6cbb10659d57030cb6ea9c333,4a97a1bbf4492970f2d33874ba2d2dccbc30f1a551a995490c45f46509a3636b,,,3.890628705834326,1.0,True,,,,False,query,passed
238ec0cacc7244158b4716c673c10461,0,stateless,pilot,chat,False,9,correctness_failed,False,False,4a97a1bbf4492970f2d33874ba2d2dccbc30f1a551a995490c45f46509a3636b,841474717aec091ed0256321ca7d6ca9d62f36b5e64fbe6d3f74f26161e09e66,4a97a1bbf4492970f2d33874ba2d2dccbc30f1a551a995490c45f46509a3636b,,,3.890628705834326,1.0,True,,,,False,query,passed
238ec0cacc7244158b4716c673c10461,0,stateless,pilot,chat,False,10,correctness_failed,False,False,4a97a1bbf4492970f2d33874ba2d2dccbc30f1a551a995490c45f46509a3636b,3f928f1fc79c39eb1eabe7217bb299de4b0aca00fcbeef851e48fbfd22e99e16,4a97a1bbf4492970f2d33874ba2d2dccbc30f1a551a995490c45f46509a3636b,,,3.890628705834326,1.0,True,,,,False,query,passed
