run_id,pair_id,condition,phase,backend,synthetic,iteration,source_hash,score_ms
6c413964516c4dbd8223fa9172047701,0,memory,final,chat,False,10,98464a2d05d9b6a29149530e4ba3f702e2109bac7dfa5fe1a10b9c0959b34e6b,1.116857479172874
6c413964516c4dbd8223fa9172047701,0,memory,final,chat,False,15,c70ad2e6cdf32bceb14a9e8f62351759ff487877ac48cee94fb6d04ac7329da7,1.018314059996707
6c413964516c4dbd8223fa9172047701,0,memory,final,chat,False,20,c70ad2e6cdf32bceb14a9e8f62351759ff487877ac48cee94fb6d04ac7329da7,0.9977964400180402
6c413964516c4dbd8223fa9172047701,0,memory,final,chat,False,25,c70ad2e6cdf32bceb14a9e8f62351759ff487877ac48cee94fb6d04ac7329da7,1.0258147333479428
6c413964516c4dbd8223fa9172047701,0,memory,final,chat,False,30,c70ad2e6cdf32bceb14a9e8f62351759ff487877ac48cee94fb6d04ac7329da7,0.9821804866457265
db5126313a4f42b1aecaaa1d33a2bd1e,0,stateless,final,chat,False,10,bb59039e38d8bfb91efe852777331e361c02d872fb355e9c274434429dc20d8b,2.7551877791643165
db5126313a4f42b1aecaaa1d33a2bd1e,0,stateless,final,chat,False,15,bb59039e38d8bfb91efe852777331e361c02d872fb355e9c274434429dc20d8b,2.752444718338438
db5126313a4f42b1aecaaa1d33a2bd1e,0,stateless,final,chat,False,20,bb59039e38d8bfb91efe852777331e361c02d872fb355e9c274434429dc20d8b,2.7342837524906827
db5126313a4f42b1aecaaa1d33a2bd1e,0,stateless,final,chat,False,25,bb59039e38d8bfb91efe852777331e361c02d872fb355e9c274434429dc20d8b,2.7307604866700785
db5126313a4f42b1aecaaa1d33a2bd1e,0,stateless,final,chat,False,30,bb59039e38d8bfb91efe852777331e361c02d872fb355e9c274434429dc20d8b,2.7882870575039456
